,0,1,2
688,Kentucky,Mason,-646.3806146563684
1230,Ohio,Miami,18282.389261583216
93,Arkansas,Columbia,234.78170734762625
993,Missouri,Hickory,2527.1944225776306
395,Idaho,Franklin,2811.8012771545136
32,Alabama,Henry,1170.0359963815981
1841,Virginia,Patrick,311.3920345860579
1111,North Carolina,Gaston,-703.9982789184678
194,Florida,Martin,2575.8186743374426
1582,Texas,Haskell,747.8431898419949
1719,Texas,Wheeler,4346.265950205488
1009,Missouri,Livingston,3211.4222716993218
149,Arkansas,Van Buren,583.4307486369598
682,Kentucky,Lyon,1052.6499661720618
440,Illinois,Ford,615.7756481127481
87,Arkansas,Carroll,2803.628864343401
1553,Texas,Fannin,699.6112308518013
285,Georgia,Hancock,1938.034595802469
182,Florida,Indian River,4868.7621913209105
633,Kentucky,Casey,-1328.4644454698637
1818,Virginia,James City,1103.8790977144736
1550,Texas,El Paso,5011.763687367194
455,Illinois,Jersey,2548.28770208878
1849,Virginia,Richmond,5289.1450356254545
1498,Texas,Bowie,2144.130621073984
821,Michigan,Houghton,1134.1516371406387
1349,South Carolina,Charleston,118.25644851004654
186,Florida,Lake,985.9213747837175
670,Kentucky,Knott,1599.7193136781952
796,Michigan,Arenac,1085.8918324419556
1561,Texas,Frio,2049.8216756450965
1514,Texas,Castro,5970.532769070173
1451,Tennessee,Overton,1763.3707916254943
1132,North Carolina,Madison,6728.458570373826
1533,Texas,Crosby,1431.0669279504154
65,Arizona,Apache,-1438.567059303704
938,Mississippi,Tate,2182.4715340151597
237,Georgia,Candler,1977.6929489669292
1191,Ohio,Coshocton,1146.7083025065185
412,Idaho,Power,4491.284485986746
902,Mississippi,Jefferson,1006.0136438691916
1434,Tennessee,Lawrence,2946.4463638964417
555,Iowa,Harrison,1230.9362953685777
1223,Ohio,Lucas,1318.3285133325708
62,Alabama,Washington,1271.173447600666
1431,Tennessee,Knox,3332.51028598187
751,Louisiana,Grant,769.6047169187868
181,Florida,Holmes,1952.3501477219224
1440,Tennessee,Marion,378.73348839689515
333,Georgia,Quitman,1848.9681948396646
1014,Missouri,McDonald,-502.06836101879253
1726,Texas,Wise,4401.5113868255785
291,Georgia,Houston,2829.5438476482377
376,Idaho,Adams,3486.9356039117965
325,Georgia,Paulding,1643.3810572243883
1556,Texas,Floyd,1796.3855087369802
438,Illinois,Effingham,2000.3042846934259
1509,Texas,Callahan,188.40308993441704
9,Alabama,Cherokee,1838.821419422743
1250,Ohio,Shelby,1176.4783660837084
12,Alabama,Clarke,620.8433609620015
841,Michigan,Manistee,1481.3360769513129
1409,Tennessee,Fentress,2115.3777109503926
421,Illinois,Boone,6509.21363410401
123,Arkansas,Madison,666.411721304703
1545,Texas,Duval,1459.4531814137072
762,Louisiana,Natchitoches,600.5517406876861
1204,Ohio,Greene,912.3905377348792
1874,New Hampshire,Coos,2081.773207824651
520,Iowa,Boone,1211.9832753544679
897,Mississippi,Humphreys,-426.63373318936374
1253,Ohio,Trumbull,224.43883377535258
271,Georgia,Fayette,15315.403484159513
1414,Tennessee,Greene,4762.43420758041
115,Arkansas,Johnson,94.76716819193189
907,Mississippi,Lauderdale,1558.768889859287
1754,Utah,Tooele,1374.633908915549
986,Missouri,Franklin,169.58055075311768
1799,Virginia,Fairfax,972.1834576216279
303,Georgia,Lee,436.6286940346836
1665,Texas,Potter,14844.621425773974
1450,Tennessee,Obion,570.2603575648691
1794,Virginia,Culpeper,701.4365792795934
223,Georgia,Barrow,1052.1497192442212
288,Georgia,Hart,1940.8921119256493
24,Alabama,Elmore,5656.7647206091
1743,Utah,Juab,3142.0206776159384
1190,Ohio,Columbiana,5695.7336022210375
1501,Texas,Brewster,1839.7548159349199
752,Louisiana,Iberia,4329.579272823509
1838,Virginia,Nottoway,-358.29187490932145
975,Missouri,Clay,476.50748817824297
537,Iowa,Dallas,4670.650249745168
680,Kentucky,Livingston,371.1245332370554
405,Idaho,Lincoln,1152.4708160264026
148,Arkansas,Union,1923.331314539625
204,Florida,Polk,5744.363860374112
1617,Texas,Lamar,-179.01231738561
1621,Texas,Lee,7460.591619783206
1661,Texas,Parker,1489.9287215891172
702,Kentucky,Ohio,2810.068901675998
840,Michigan,Macomb,5770.283333046417
267,Georgia,Elbert,1509.5362538096633
319,Georgia,Morgan,958.0001044012179
385,Idaho,Boundary,1617.3356358326937
1549,Texas,Ellis,578.1702117909699
1613,Texas,King,416.0471604207969
394,Idaho,Elmore,570.650631769423
927,Mississippi,Pontotoc,1173.1957391840706
1384,South Carolina,Williamsburg,1742.2855110937899
1454,Tennessee,Polk,-168.89324735976788
1075,Nevada,Washoe,-1798.8062998544333
143,Arkansas,Searcy,-85.9623930378084
820,Michigan,Hillsdale,1024.2182102086526
1789,Virginia,Charles City,-1001.3201316981995
1792,Virginia,Clarke,9854.941756947752
1155,North Carolina,Rowan,1970.0499361341817
484,Illinois,Perry,6327.0737394765665
708,Kentucky,Pike,1746.9891158344608
1643,Texas,Milam,1276.1803555236866
1228,Ohio,Meigs,15804.427785230138
132,Arkansas,Perry,3779.695963281495
582,Iowa,Muscatine,3665.793588825464
699,Kentucky,Muhlenberg,6665.466648998413
760,Louisiana,Madison,2298.4083882870545
256,Georgia,Crisp,-231.741241982033
1067,Nevada,Humboldt,1886.4064327113401
727,Kentucky,Webster,-439.79088092073016
1680,Texas,San Augustine,3141.5541545852147
1055,Missouri,Washington,2057.7194591861717
983,Missouri,Dent,3115.897656899132
1262,Ohio,Wood,635.7086889472203
1391,Tennessee,Bradley,962.0744713563499
737,Louisiana,Bienville,3187.9608154892276
463,Illinois,Lee,1018.6777254777198
1210,Ohio,Henry,2284.0092566412477
1178,Ohio,Ashland,9.298505267817745
13,Alabama,Clay,-420.2201248331594
165,Florida,Columbia,1236.85224260841
1557,Texas,Foard,3184.794405130692
1143,North Carolina,Orange,1098.9808273865174
1529,Texas,Coryell,831.1703318241316
1724,Texas,Wilson,5294.649209970937
676,Kentucky,Leslie,-260.2772040969021
887,Mississippi,Covington,4162.052013117754
1568,Texas,Gray,1081.0573844859
1578,Texas,Hardin,38608.33978990792
1456,Tennessee,Rhea,903.461960628134
1701,Texas,Throckmorton,3329.960266299927
534,Iowa,Clayton,1037.8132598575094
896,Mississippi,Holmes,-186.51045533610431
586,Iowa,Plymouth,885.5024113700683
1641,Texas,Menard,17282.835013090073
57,Alabama,Sumter,3624.4999634762817
110,Arkansas,Howard,862.009940450369
883,Mississippi,Clarke,525.7036592823688
1810,Virginia,Greensville,492.00231327075835
915,Mississippi,Marion,2286.0652626185956
1527,Texas,Concho,1287.5270405702622
1396,Tennessee,Cheatham,952.6690621850821
1093,North Carolina,Caswell,515.3411581190676
1847,Virginia,Pulaski,1852.2783527357597
1341,South Carolina,Aiken,979.5950700334915
42,Alabama,Macon,683.5239911293565
523,Iowa,Buena Vista,4433.9594275350055
23,Alabama,Dallas,-696.2038785879658
1508,Texas,Calhoun,177.99418531919764
371,Georgia,Wilcox,4357.764348607733
793,Michigan,Allegan,-550.9587726035224
1011,Missouri,Madison,32.50706302487015
1866,Virginia,Washington,2248.013054569912
1840,Virginia,Page,5440.844939411828
1742,Utah,Iron,443.06074127104057
280,Georgia,Grady,4011.7339013881747
863,Michigan,Saginaw,1404.2393539322793
871,Michigan,Wexford,1421.527384219834
1152,North Carolina,Richmond,1474.8510446248756
1852,Virginia,Rockingham,5224.942925216882
330,Georgia,Polk,562.1703974749335
1419,Tennessee,Hardeman,2206.3608376706097
1788,Virginia,Carroll,1912.7211805125753
308,Georgia,Lumpkin,2582.4594206031816
894,Mississippi,Harrison,1503.9042753371168
535,Iowa,Clinton,3954.7418319660164
547,Iowa,Franklin,20610.393344703243
1345,South Carolina,Barnwell,21684.335032795785
497,Illinois,Shelby,640.2478871004087
744,Louisiana,Claiborne,501.48659389400746
1170,North Carolina,Watauga,1186.5439795925377
797,Michigan,Baraga,1467.6887167459072
1473,Tennessee,Warren,38.51254974004223
1649,Texas,Morris,463.9912803016796
593,Iowa,Scott,368.633308535118
1376,South Carolina,Oconee,1633.9982411779401
673,Kentucky,Laurel,6344.103662699053
1666,Texas,Presidio,2581.7600093099
1025,Missouri,Oregon,1386.7916029868893
1699,Texas,Terrell,965.9553125283301
1039,Missouri,Ray,2593.171989052038
70,Arizona,Greenlee,-62.66064263361295
1073,Nevada,Pershing,2802.9759547587328
1771,Vermont,Windsor,1305.1792804866263
917,Mississippi,Monroe,-423.627336784778
1266,Oklahoma,Atoka,549.1642714013688
759,Louisiana,Livingston,1587.3804963180864
1622,Texas,Leon,3268.434376928778
509,Illinois,Will,4964.355946875964
1781,Virginia,Bland,1512.897377919644
1562,Texas,Gaines,2277.46673131051
979,Missouri,Crawford,1047.5816168055053
167,Florida,Duval,267.6206978784894
1629,Texas,Lubbock,-196.3070709028716
105,Arkansas,Garland,9714.61123218686
1173,North Carolina,Wilson,5051.33137685069
259,Georgia,Decatur,1490.4801871231411
272,Georgia,Floyd,651.5777837544856
884,Mississippi,Clay,2414.1079555651377
1254,Ohio,Tuscarawas,1422.6160266504003
503,Illinois,Wabash,-177.30351111516302
82,Arkansas,Baxter,1700.8007522454845
1860,Virginia,Suffolk,262.9625617969141
434,Illinois,Cumberland,9744.558809764407
1280,Oklahoma,Cotton,5341.5034047924155
587,Iowa,Pocahontas,402.5398134890802
1350,South Carolina,Cherokee,1082.2937836283036
1077,North Carolina,Alamance,1192.9546552578022
1385,South Carolina,York,1455.1082354807559
812,Michigan,Dickinson,1999.7533014673263
1825,Virginia,Louisa,1584.5728170168823
26,Alabama,Etowah,12346.147788061495
1289,Oklahoma,Grady,1181.775628865872
1370,South Carolina,Lee,-161.54009746844167
198,Florida,Okeechobee,1197.4587462246536
957,Missouri,Barton,2117.820909109423
1159,North Carolina,Stanly,1780.6847038969863
1346,South Carolina,Beaufort,3588.888754081884
675,Kentucky,Lee,517.0198016229888
1261,Ohio,Williams,1433.1429685833891
422,Illinois,Brown,661.478103184907
1053,Missouri,Vernon,2746.725157754682
632,Kentucky,Carter,10607.232255735511
172,Florida,Gilchrist,2171.777935964131
411,Idaho,Payette,-469.1158287077351
282,Georgia,Gwinnett,1077.1797358371905
891,Mississippi,Greene,16505.531138852348
283,Georgia,Habersham,1706.49516742195
967,Missouri,Cape Girardeau,2797.300916417352
1316,Oklahoma,Okfuskee,926.6566029719752
1104,North Carolina,Davidson,2479.047409013522
55,Alabama,Russell,857.5330946245622
778,Louisiana,Webster,507.3380139760011
207,Florida,Sarasota,746.6776328148853
770,Louisiana,Sabine,10491.052329013619
25,Alabama,Escambia,1867.5388696026985
678,Kentucky,Lewis,546.7830757367947
755,Louisiana,Jefferson,-1506.4177268809522
1276,Oklahoma,Cimarron,3301.3906436571715
1125,North Carolina,Jackson,789.4966873596295
816,Michigan,Gladwin,-243.67532993732038
577,Iowa,Mills,15459.154156138906
543,Iowa,Dubuque,902.6578218991481
947,Mississippi,Webster,1250.7720460798491
869,Michigan,Washtenaw,4754.082961037954
955,Missouri,Audrain,1729.0405561608159
1520,Texas,Coke,68.2418654787607
1193,Ohio,Cuyahoga,1627.3353749035405
1429,Tennessee,Jefferson,7918.348026838729
1446,Tennessee,Monroe,2558.577148682999
1167,North Carolina,Wake,27168.686222654986
921,Mississippi,Noxubee,11769.932153221878
1402,Tennessee,Crockett,2520.1950241616405
202,Florida,Pasco,1380.7992102473372
114,Arkansas,Jefferson,-1058.500894087495
1061,Nevada,Churchill,6635.516591229675
1369,South Carolina,Laurens,685.5238118829811
746,Louisiana,East Baton Rouge,900.6529470616151
965,Missouri,Callaway,598.1034461831632
41,Alabama,Lowndes,1465.4810354508763
729,Kentucky,Wolfe,4757.98077987421
1302,Oklahoma,Latimer,1344.3994209855
1651,Texas,Nacogdoches,2249.674501890203
305,Georgia,Lincoln,2175.8342728373054
44,Alabama,Marengo,1421.7917149798977
1180,Ohio,Athens,646.1019836944761
767,Louisiana,Rapides,9210.882839475737
1650,Texas,Motley,2955.1721939816643
1138,North Carolina,Moore,3056.5506797118824
227,Georgia,Bibb,1933.1129018171187
1694,Texas,Stonewall,17.139238566333916
1790,Virginia,Charlotte,1380.2815292010773
904,Mississippi,Kemper,-275.1494112436385
245,Georgia,Clarke,2308.6104252107743
1024,Missouri,Nodaway,1524.152314814456
1646,Texas,Montague,1382.3613862092661
466,Illinois,Macon,5637.364592533476
1069,Nevada,Lincoln,729.1385257574912
453,Illinois,Jasper,5078.531814641709
1317,Oklahoma,Oklahoma,12013.83956107666
85,Arkansas,Bradley,4312.83308775603
220,Georgia,Baker,3586.223043523164
865,Michigan,Schoolcraft,2046.4933995353013
1118,North Carolina,Harnett,2351.6505966133464
1605,Texas,Jones,1745.0361159084177
1209,Ohio,Harrison,2604.8559769949597
814,Michigan,Emmet,-40.812593422850114
529,Iowa,Cerro Gordo,1599.1950072186992
792,Michigan,Alger,7703.354378915504
1291,Oklahoma,Greer,5176.6439588958465
717,Kentucky,Simpson,14348.54561059147
127,Arkansas,Monroe,22.946468718005235
1534,Texas,Culberson,-5.27707198931148
1379,South Carolina,Richland,742.5497212086675
278,Georgia,Glynn,198.44941361450856
1184,Ohio,Butler,1342.826092837132
1644,Texas,Mills,948.6957846192336
843,Michigan,Mason,614.370751463126
1624,Texas,Limestone,-423.0674226506462
71,Arizona,La Paz,7584.503673061362
91,Arkansas,Cleburne,9729.45702165621
1108,North Carolina,Edgecombe,1555.6764616400606
1062,Nevada,Clark,183.45453964820717
1099,North Carolina,Cleveland,1466.1631393628622
769,Louisiana,Richland,2102.4576624658266
656,Kentucky,Hancock,5303.4851850590485
384,Idaho,Bonneville,1104.2760348848906
1375,South Carolina,Newberry,2751.6417229287317
644,Kentucky,Fayette,1544.3005452663156
1474,Tennessee,Washington,1448.7034899063874
64,Alabama,Winston,535.3750454760657
399,Idaho,Jefferson,3865.8563647563033
471,Illinois,Mason,-1387.041132051409
1098,North Carolina,Clay,912.9449458738509
252,Georgia,Columbia,588.4536265680254
1161,North Carolina,Surry,-805.2276454221001
1715,Texas,Ward,5089.825251295256
1536,Texas,Dallas,9007.841129661047
1076,Nevada,White Pine,2.2853454928563224
458,Illinois,Kankakee,26547.10927932525
49,Alabama,Montgomery,-763.8323623783554
1344,South Carolina,Bamberg,3542.156563464613
1352,South Carolina,Chesterfield,1808.9923364462657
16,Alabama,Colbert,3417.5260267367275
1028,Missouri,Pemiscot,489.837152260071
1283,Oklahoma,Custer,2.8371173622335846
1839,Virginia,Orange,-155.45873025402489
1057,Missouri,Webster,3839.4870011768553
1461,Tennessee,Sequatchie,2634.411890726018
648,Kentucky,Fulton,293.11469252668394
636,Kentucky,Clay,1246.5712348580673
1691,Texas,Starr,742.8644883568695
1796,Virginia,Dickenson,-341.7130007751166
669,Kentucky,Kenton,918.967295571947
1594,Texas,Hunt,16167.485261794336
1251,Ohio,Stark,1441.2522826850181
985,Missouri,Dunklin,8112.55214133436
1185,Ohio,Carroll,2248.6033945086147
972,Missouri,Chariton,2255.2931284832894
989,Missouri,Greene,681.8486855674382
307,Georgia,Lowndes,-68.11531957117677
505,Illinois,Washington,15527.417751446097
773,Louisiana,Terrebonne,839.0634009845644
946,Mississippi,Wayne,1116.0576916568607
1068,Nevada,Lander,2676.38876121304
1137,North Carolina,Montgomery,182.58157538424894
617,Kentucky,Bell,1348.1290961983368
400,Idaho,Jerome,210.9143199223863
978,Missouri,Cooper,2743.902749018699
532,Iowa,Clarke,427.4060835912751
1000,Missouri,Jefferson,7641.843519778916
1042,Missouri,Saline,1740.177453557294
1575,Texas,Hamilton,-163.6866424854279
1879,New Hampshire,Strafford,8300.922412873817
515,Iowa,Allamakee,-102.30866461758069
1177,Ohio,Allen,12196.244594799424
1687,Texas,Shelby,790.6613370120358
1599,Texas,Jasper,1020.7956851850331
1504,Texas,Brown,2850.753353031847
1607,Texas,Kaufman,1503.8332135143646
1591,Texas,Houston,1346.0297845276455
714,Kentucky,Russell,1216.8980194891847
1683,Texas,San Saba,154.3459104924823
1140,North Carolina,New Hanover,1032.2260738234772
1086,North Carolina,Brunswick,248.46296000477105
1277,Oklahoma,Cleveland,2926.9097955594534
558,Iowa,Humboldt,6366.085603998729
522,Iowa,Buchanan,1342.9864838685671
1832,Virginia,Nelson,3472.558728083467
540,Iowa,Delaware,-768.7033951523663
1373,South Carolina,Marlboro,1807.3969717411883
1272,Oklahoma,Canadian,1116.221000134493
912,Mississippi,Lincoln,1280.6651650000022
229,Georgia,Brantley,3099.131526650296
22,Alabama,Dale,1947.0075565149791
1322,Oklahoma,Payne,544.1848181858632
1085,North Carolina,Bladen,1109.0983883590288
834,Michigan,Lapeer,1464.6343283802717
640,Kentucky,Daviess,7664.329941867497
929,Mississippi,Quitman,-598.0846173174014
1462,Tennessee,Sevier,-595.5748062988523
1585,Texas,Henderson,5970.905161499838
1593,Texas,Hudspeth,7096.938158215681
1486,Texas,Atascosa,3069.644983699166
1084,North Carolina,Bertie,1390.014682328224
1115,North Carolina,Greene,1953.4604918713785
611,Kentucky,Adair,524.96160341826
378,Idaho,Bear Lake,2707.808373502947
971,Missouri,Cedar,782.6626292887822
754,Louisiana,Jackson,3148.705789608378
653,Kentucky,Grayson,106.41843099646576
160,Florida,Calhoun,23.174168847668625
1663,Texas,Pecos,2659.406313372717
597,Iowa,Tama,1501.6299538785897
828,Michigan,Jackson,1142.7864622897741
1528,Texas,Cooke,2553.110821796181
922,Mississippi,Oktibbeha,113.27354542430385
939,Mississippi,Tippah,18430.419599902343
1023,Missouri,Newton,-71.42416839891757
771,Louisiana,Tangipahoa,1729.6739359007652
1732,Utah,Beaver,887.8693497403337
824,Michigan,Ionia,1823.397973985716
3,Alabama,Bibb,294.8817608527961
756,Louisiana,Lafayette,2034.8553767610356
248,Georgia,Clinch,4236.48806818926
112,Arkansas,Izard,245.1824616416443
311,Georgia,Marion,11838.181716326028
1779,Virginia,Bath,5769.48613011187
1671,Texas,Red River,1452.3128480110017
1681,Texas,San Jacinto,811.3711346107993
1166,North Carolina,Vance,-820.5683958303107
424,Illinois,Calhoun,926.9911249596526
180,Florida,Hillsborough,534.727619088133
705,Kentucky,Owsley,795.6477528704272
398,Idaho,Gooding,1448.107533896331
1503,Texas,Brooks,16.680074430542845
1689,Texas,Smith,1457.7379240936698
1149,North Carolina,Pitt,2672.752741639878
1424,Tennessee,Henry,14626.36720230052
647,Kentucky,Franklin,908.0235781968013
1765,Vermont,Franklin,3440.7670067904373
1684,Texas,Schleicher,849.5347378989181
301,Georgia,Lanier,5615.093137925879
1645,Texas,Mitchell,30.32763373459511
4,Alabama,Blount,2106.9131052937882
150,Arkansas,Washington,968.8139519850401
694,Kentucky,Mercer,64.41633883839768
341,Georgia,Spalding,3042.177682872564
510,Illinois,Williamson,2364.184699790547
1824,Virginia,Loudoun,-388.81658736077225
27,Alabama,Fayette,12144.99404356948
1416,Tennessee,Hamblen,6424.439839419844
228,Georgia,Bleckley,1001.8753733972935
819,Michigan,Gratiot,762.4339309522538
397,Idaho,Gem,215.61352905605145
322,Georgia,Newton,1351.1225577529867
337,Georgia,Rockdale,3317.5082986994084
1016,Missouri,Miller,44.31492148044072
1144,North Carolina,Pamlico,28465.805310340773
1189,Ohio,Clinton,1022.919771653239
1749,Utah,Salt Lake,1463.4777866200684
1854,Virginia,Scott,1796.947937515023
365,Georgia,Washington,256.55322334844004
1728,Texas,Yoakum,882.8135290315877
1052,Missouri,Texas,7410.7765186241095
1131,North Carolina,Macon,3927.949041591418
1738,Utah,Duchesne,632.7140032896277
925,Mississippi,Perry,339.7696424834103
930,Mississippi,Rankin,8808.320475118846
634,Kentucky,Christian,1596.1221199469364
1444,Tennessee,McNairy,1394.192861758239
1403,Tennessee,Cumberland,1613.1592334127618
1298,Oklahoma,Johnston,3677.742922161261
1848,Virginia,Rappahannock,7142.931974576012
175,Florida,Hamilton,1716.1751909835812
1249,Ohio,Seneca,463.1795218285333
885,Mississippi,Coahoma,-35.685781319954
128,Arkansas,Montgomery,2596.0974425531103
168,Florida,Escambia,5191.653976132099
783,Massachusetts,Barnstable,1118.9679451091542
1017,Missouri,Mississippi,1345.6268725581758
289,Georgia,Heard,39.295042870014186
321,Georgia,Muscogee,2791.32964911638
616,Kentucky,Bath,-23.99859823996121
1692,Texas,Stephens,620.8072229533982
900,Mississippi,Jackson,3549.7908798117214
401,Idaho,Kootenai,2056.9511668474306
1760,Utah,Weber,1462.3054553870015
1320,Oklahoma,Ottawa,2823.2361336636013
585,Iowa,Palo Alto,2821.544106103668
1207,Ohio,Hancock,2168.8289340644524
1688,Texas,Sherman,559.887034597743
1423,Tennessee,Henderson,-72.93667292167538
1394,Tennessee,Carroll,1111.3609037520455
693,Kentucky,Menifee,4069.430055241487
964,Missouri,Caldwell,2056.352101395637
1708,Texas,Upton,1376.8492179863515
393,Idaho,Custer,3416.0632960874673
88,Arkansas,Chicot,2321.170955329364
1488,Texas,Bailey,-683.561795708205
918,Mississippi,Montgomery,423.33767227326734
1421,Tennessee,Hawkins,3607.125753534322
1353,South Carolina,Clarendon,2153.807468839107
139,Arkansas,Pulaski,1869.1304082077058
1377,South Carolina,Orangeburg,1205.6499266094743
489,Illinois,Putnam,2358.6653192812437
1013,Missouri,Marion,935.4612287117843
158,Florida,Brevard,317.1270235498332
1304,Oklahoma,Logan,1463.7794567703213
786,Massachusetts,Hampden,1502.6650627216259
1768,Vermont,Rutland,185.6192676812534
1547,Texas,Ector,2409.167000791461
1631,Texas,Madison,3806.0247268461617
1746,Utah,Morgan,4544.797162641779
858,Michigan,Oscoda,1094.8917699738076
413,Idaho,Shoshone,4009.162443794262
1500,Texas,Brazos,-244.28011924365182
570,Iowa,Louisa,1853.7011708262853
888,Mississippi,Forrest,-184.87767043838267
528,Iowa,Cedar,1547.243812876527
447,Illinois,Hancock,12546.685079672563
1296,Oklahoma,Jackson,-60.21511283984364
800,Michigan,Benzie,3904.0836906401173
853,Michigan,Oakland,263.844658330062
1803,Virginia,Franklin,6546.382481373482
823,Michigan,Ingham,875.0152282497638
1088,North Carolina,Burke,329.11665793096654
687,Kentucky,Martin,2590.0635640310584
1449,Tennessee,Morgan,661.8108238168443
1422,Tennessee,Haywood,16848.217087508612
1782,Virginia,Botetourt,906.084792084991
926,Mississippi,Pike,3884.9075493281607
1122,North Carolina,Hoke,1472.6827850856616
491,Illinois,Richland,1863.4433973996056
38,Alabama,Lawrence,1688.7344796803618
360,Georgia,Upson,2863.6501421991925
592,Iowa,Sac,1626.6822917983527
459,Illinois,Kendall,-55.98297243466095
1360,South Carolina,Florence,61.202721601544
1490,Texas,Bastrop,24.74379462936122
734,Louisiana,Assumption,4559.245512585733
1282,Oklahoma,Creek,110.49486872470243
1074,Nevada,Storey,1054.4827023353591
1255,Ohio,Union,554.1585302353187
486,Illinois,Pike,1528.898442991498
52,Alabama,Pickens,6432.953735916871
1505,Texas,Burleson,23101.496316922065
1640,Texas,Medina,1010.4911390483749
1569,Texas,Grayson,1731.342155637999
195,Florida,Miami-Dade,-646.2535752249632
495,Illinois,Schuyler,-24.906279594153602
427,Illinois,Champaign,3084.649093941155
1258,Ohio,Warren,7330.5816811621235
450,Illinois,Henry,1081.647852946856
932,Mississippi,Sharkey,666.3194537446625
477,Illinois,Mercer,-600.4473543510449
1268,Oklahoma,Beckham,384.70235372882325
1412,Tennessee,Giles,11296.052693668393
629,Kentucky,Campbell,5087.64163044848
1438,Tennessee,Macon,209.0476725272938
1227,Ohio,Medina,4185.694957300312
410,Idaho,Owyhee,593.3379638826054
1723,Texas,Williamson,1234.9147514701726
1358,South Carolina,Edgefield,928.1814527231991
1105,North Carolina,Davie,-210.98420569607697
1886,New York,Essex,1685.717153522478
1367,South Carolina,Kershaw,1285.748649826127
1364,South Carolina,Hampton,2291.141329361244
1577,Texas,Hardeman,2058.9256766533736
526,Iowa,Carroll,838.7502404158149
17,Alabama,Conecuh,-107.88641112310779
239,Georgia,Catoosa,1271.1679838877226
109,Arkansas,Hot Spring,1171.8486224612525
722,Kentucky,Trimble,14377.90168183484
662,Kentucky,Henry,4121.063822468465
551,Iowa,Guthrie,999.2695292361896
1791,Virginia,Chesterfield,1094.04601117752
222,Georgia,Banks,484.30351976679685
873,Mississippi,Alcorn,5269.557943650879
35,Alabama,Jefferson,560.084720751207
721,Kentucky,Trigg,538.7605423515106
1668,Texas,Randall,2735.0163019430665
66,Arizona,Cochise,1546.0902768253645
1332,Oklahoma,Texas,282.8043437954211
1245,Ohio,Richland,661.6649742873433
1586,Texas,Hidalgo,1923.5844749514772
1559,Texas,Franklin,120.97246212640312
683,Kentucky,Madison,3432.694193476841
1337,Oklahoma,Washita,3857.5265601430865
314,Georgia,Meriwether,2993.7039349499
1883,New York,Cayuga,1957.7856540425864
1563,Texas,Garza,761.8895172198454
1892,New York,Suffolk,903.7831306934304
327,Georgia,Pickens,5575.271711903831
1239,Ohio,Perry,121.83668781208416
184,Florida,Jefferson,89.37980481008981
1094,North Carolina,Catawba,-45.3348660413003
720,Kentucky,Todd,459.7781113195233
1518,Texas,Clay,7025.048013644539
80,Arkansas,Arkansas,4642.823671844323
1702,Texas,Titus,793.7738844834121
831,Michigan,Kent,2593.172996698233
177,Florida,Hendry,2583.752380505085
1124,North Carolina,Iredell,-13.147745776795091
240,Georgia,Charlton,969.4827759515665
196,Florida,Monroe,1519.8566511204199
1029,Missouri,Perry,1188.3502000492308
1700,Texas,Terry,89347.08058767491
1398,Tennessee,Claiborne,11806.5539710472
485,Illinois,Piatt,6426.61444241186
163,Florida,Clay,138.95517061012652
1287,Oklahoma,Garfield,63.13321798161451
987,Missouri,Gasconade,1180.7445060202444
1827,Virginia,Madison,1597.5735072315092
389,Idaho,Caribou,5356.692401639816
236,Georgia,Camden,233.24261671888507
352,Georgia,Tift,6185.299942736955
903,Mississippi,Jones,419.191372533679
1826,Virginia,Lunenburg,854.9564561351071
1038,Missouri,Randolph,330.9845157338432
572,Iowa,Lyon,687.0262638262957
1480,Texas,Anderson,200.85621191747578
1494,Texas,Bexar,878.0515428353938
1351,South Carolina,Chester,382.0401589644125
217,Georgia,Appling,2877.447023073414
753,Louisiana,Iberville,513.3023481457976
1647,Texas,Montgomery,2159.0029320446247
1633,Texas,Martin,577.8550821364206
119,Arkansas,Lincoln,2584.186433039423
417,Idaho,Washington,5008.842923431664
464,Illinois,Livingston,1649.633457146082
1703,Texas,Tom Green,3784.7617314843146
1372,South Carolina,Marion,1503.4189320455835
1705,Texas,Trinity,2011.822454684544
1102,North Carolina,Cumberland,1151.8762115112786
898,Mississippi,Issaquena,1044.8565223861533
126,Arkansas,Mississippi,191.72466849673856
949,Mississippi,Winston,845.7495607033279
508,Illinois,Whiteside,1417.2118347073565
77,Arizona,Santa Cruz,3889.0739498330886
1036,Missouri,Putnam,-51.13581175949639
1750,Utah,San Juan,-49.297264407122384
1126,North Carolina,Johnston,803.353449177489
253,Georgia,Cook,1267.0048216365894
1697,Texas,Tarrant,269.2056299122787
1587,Texas,Hill,748.1463923341589
1045,Missouri,Scott,5092.5901843574275
994,Missouri,Holt,421.5748242925574
704,Kentucky,Owen,9814.455897532687
312,Georgia,McDuffie,-2696.5799818148275
1532,Texas,Crockett,1521.0599728547504
937,Mississippi,Tallahatchie,1773.2354060772668
1479,Tennessee,Wilson,3064.257788840635
473,Illinois,McDonough,1887.5655300178169
1107,North Carolina,Durham,6569.451199783368
99,Arkansas,Dallas,7850.726022899148
999,Missouri,Jasper,-129.5207116739848
1371,South Carolina,Lexington,-2856.090580750042
154,Florida,Alachua,310.8082853994647
604,Iowa,Wayne,1880.0260809539232
1468,Tennessee,Tipton,462.190670168834
1295,Oklahoma,Hughes,-1.815339216823304
784,Massachusetts,Essex,1870.809496859084
1660,Texas,Panola,728.3039563754874
1382,South Carolina,Sumter,-399.5051940099511
1439,Tennessee,Madison,823.1425452002495
1595,Texas,Hutchinson,799.5396643955328
1136,North Carolina,Mitchell,1526.370230496308
933,Mississippi,Simpson,160.54165881920562
538,Iowa,Davis,998.7760899620907
435,Illinois,Douglas,3942.839161387844
63,Alabama,Wilcox,2955.6011456907663
1059,Missouri,Wright,2790.786979727729
740,Louisiana,Calcasieu,7598.903549538473
780,Louisiana,West Carroll,395.3041493867231
1698,Texas,Taylor,1439.3303577891438
923,Mississippi,Panola,13767.168045411254
1293,Oklahoma,Harper,-516.2615330867875
623,Kentucky,Breathitt,4148.100370863692
1834,Virginia,Newport News,1547.9104306599675
1169,North Carolina,Washington,14089.841341100891
266,Georgia,Effingham,2444.576084029126
98,Arkansas,Cross,2908.1365340754264
366,Georgia,Wayne,1672.6078360265828
1744,Utah,Kane,530.2600482298321
703,Kentucky,Oldham,1212.715424609737
684,Kentucky,Magoffin,233.96853964728416
1361,South Carolina,Georgetown,5397.69565196122
92,Arkansas,Cleveland,6562.450373568335
1355,South Carolina,Darlington,2091.8852935942223
1837,Virginia,Northumberland,1097.1919092290182
1604,Texas,Johnson,1385.4416252974142
1472,Tennessee,Van Buren,6520.582542723622
362,Georgia,Walton,24.26035227374996
695,Kentucky,Metcalfe,2136.6181476978127
764,Louisiana,Ouachita,11054.12566289623
1822,Virginia,Lancaster,1187.471073694509
541,Iowa,Des Moines,3561.0298222443407
875,Mississippi,Attala,1077.9158209345815
1783,Virginia,Brunswick,598.9628118748906
1814,Virginia,Henrico,2543.1691096154855
284,Georgia,Hall,3043.809306211134
232,Georgia,Bulloch,-277.03242371242595
1506,Texas,Burnet,1760.3140657448048
1888,New York,Jefferson,2802.770100907778
171,Florida,Gadsden,-431.35602509890487
244,Georgia,Cherokee,983.7555533066943
320,Georgia,Murray,5888.338549182284
226,Georgia,Berrien,11693.324003121059
1435,Tennessee,Lewis,2369.576167499108
1552,Texas,Falls,1281.0913851248379
1862,Virginia,Sussex,4388.981355152823
348,Georgia,Taylor,285.4853182931911
707,Kentucky,Perry,857.7046316647366
1558,Texas,Fort Bend,3512.5512006791278
798,Michigan,Barry,969.9618513100859
606,Iowa,Winnebago,742.0662950157084
1811,Virginia,Halifax,2213.968866512565
1022,Missouri,New Madrid,2637.7339911881836
1109,North Carolina,Forsyth,255.35238322237728
361,Georgia,Walker,1730.6759489792012
892,Mississippi,Grenada,20239.054754379125
29,Alabama,Geneva,625.4515837225654
340,Georgia,Seminole,1193.0972656227468
159,Florida,Broward,2619.386616507023
1614,Texas,Kinney,1098.3892787260147
758,Louisiana,Lincoln,3103.786130889376
546,Iowa,Floyd,7846.450394340888
1182,Ohio,Belmont,213.71317912028735
153,Arkansas,Yell,-188.6256690489954
1348,South Carolina,Calhoun,2321.1279309227166
33,Alabama,Houston,596.1709150918605
469,Illinois,Marion,2798.513429859823
1757,Utah,Wasatch,636.4751309937728
192,Florida,Manatee,7271.3785389081595
1305,Oklahoma,Love,985.2280290295339
156,Florida,Bay,-262.18897721487065
889,Mississippi,Franklin,1739.6747733786688
125,Arkansas,Miller,666.5299333281137
356,Georgia,Troup,737.6709789879333
315,Georgia,Miller,1489.8612048540272
1003,Missouri,LaClede,1645.7573564199447
241,Georgia,Chatham,955.0489249181328
30,Alabama,Greene,-176.95792973286098
1221,Ohio,Logan,940.8924103673608
15,Alabama,Coffee,1099.2986698348586
1853,Virginia,Russell,565.4787029494455
590,Iowa,Poweshiek,12061.838002363802
472,Illinois,Massac,853.2674754757236
1685,Texas,Scurry,-504.1455632599591
1164,North Carolina,Tyrrell,4000.3867993052545
789,Massachusetts,Plymouth,7421.776559192901
1260,Ohio,Wayne,3704.7714239660845
1741,Utah,Grand,455.45856141890454
144,Arkansas,Sebastian,1767.685869475009
113,Arkansas,Jackson,2022.7969013706133
1584,Texas,Hemphill,4202.608813078193
1432,Tennessee,Lake,1094.8670940212423
1721,Texas,Wilbarger,817.522274514492
432,Illinois,Coles,-447.8002107580405
1406,Tennessee,Dickson,1455.8673047274806
1216,Ohio,Jefferson,998.3559942311313
1627,Texas,Llano,1012.9421737878602
294,Georgia,Jasper,6127.732551848389
219,Georgia,Bacon,1821.2508188310685
952,Missouri,Adair,1410.0638907251086
1525,Texas,Comal,4819.672893490716
1197,Ohio,Erie,413.8778226802269
343,Georgia,Stewart,2170.155387735741
209,Florida,Sumter,1563.945263699541
275,Georgia,Fulton,7989.1261941777875
1884,New York,Clinton,3168.626678724412
1478,Tennessee,Williamson,943.8557045100451
635,Kentucky,Clark,1211.011773301203
1554,Texas,Fayette,-205.55862686129967
549,Iowa,Greene,6540.92428172133
1745,Utah,Millard,848.9788595999635
1174,North Carolina,Yadkin,693.535657251995
14,Alabama,Cleburne,958.619192299594
131,Arkansas,Ouachita,4944.562326902108
658,Kentucky,Harlan,2372.424210940929
667,Kentucky,Jessamine,1638.03503640288
709,Kentucky,Powell,-593.6420383059476
1437,Tennessee,Loudon,6897.586343289123
1234,Ohio,Morrow,961.7832951994606
274,Georgia,Franklin,1899.6685900682105
1156,North Carolina,Rutherford,43.807761815405684
1150,North Carolina,Polk,3086.969157214561
351,Georgia,Thomas,4044.825347253928
1469,Tennessee,Trousdale,3893.6519364134265
689,Kentucky,McCracken,8020.849886226676
1642,Texas,Midland,1776.2905256844924
1601,Texas,Jefferson,150.67512825068752
1056,Missouri,Wayne,965.3928402118436
76,Arizona,Pinal,3030.7838061817265
1269,Oklahoma,Blaine,1720.9044154411085
1609,Texas,Kenedy,3815.011204794716
200,Florida,Osceola,-1768.721583647176
1359,South Carolina,Fairfield,1566.358461363924
1338,Oklahoma,Woods,1368.4067104911137
276,Georgia,Gilmer,2198.488256134153
296,Georgia,Jefferson,1717.8675165252052
46,Alabama,Marshall,841.3290970633461
95,Arkansas,Craighead,2666.2640128044795
335,Georgia,Randolph,56479.84615695664
1487,Texas,Austin,769.6380537836621
561,Iowa,Jackson,995.1622462031182
1873,New Hampshire,Cheshire,3142.320758616518
430,Illinois,Clay,30451.237259977366
1537,Texas,Dawson,-189.55222711904298
1058,Missouri,Worth,4468.6380539624
1244,Ohio,Putnam,2674.552771291207
1006,Missouri,Lewis,2190.12847461798
1714,Texas,Waller,3275.6635161391923
1048,Missouri,Stoddard,2931.17565541206
1202,Ohio,Gallia,1576.7505815942068
1710,Texas,Val Verde,-581.345379434103
1521,Texas,Coleman,864.8931767206386
1292,Oklahoma,Harmon,2863.3863331109887
723,Kentucky,Union,1208.3445357083765
187,Florida,Lee,187.20911487806097
1872,New Hampshire,Carroll,1781.9212781659598
817,Michigan,Gogebic,1362.970843286992
1476,Tennessee,Weakley,364.5293186790386
943,Mississippi,Walthall,-95.95750430546195
1160,North Carolina,Stokes,2247.7788548430626
467,Illinois,Macoupin,2136.895101963669
569,Iowa,Linn,2699.463749634201
1005,Missouri,Lawrence,3251.8884030743748
1054,Missouri,Warren,-189.64188315587216
1315,Oklahoma,Nowata,1716.292328874105
1734,Utah,Cache,3018.23221572889
620,Kentucky,Boyd,52351.65868714946
1401,Tennessee,Coffee,2508.7301283057104
571,Iowa,Lucas,980.1105274072388
1704,Texas,Travis,1282.0041227847896
568,Iowa,Lee,672.5546166031481
1418,Tennessee,Hancock,1095.1318358028484
1307,Oklahoma,Marshall,-717.1320444972089
1679,Texas,Sabine,6896.460750891499
736,Louisiana,Beauregard,1586.8859397196138
69,Arizona,Graham,1222.8148517486416
1328,Oklahoma,Rogers,33.217227567672126
518,Iowa,Benton,1456.033949650474
1543,Texas,Dimmit,3317.831880542092
31,Alabama,Hale,445.9619705922769
1891,New York,Queens,111.70631470725039
706,Kentucky,Pendleton,1378.8652426023727
581,Iowa,Montgomery,-474.293201395717
234,Georgia,Butts,1509.1048471821423
882,Mississippi,Claiborne,14266.350554221397
969,Missouri,Carter,447.3249994637563
1199,Ohio,Fayette,6089.270210371366
295,Georgia,Jeff Davis,-1145.0226498483767
454,Illinois,Jefferson,4125.66097052516
462,Illinois,Lawrence,1555.3365938533925
1766,Vermont,Grand Isle,-192.41290731067784
129,Arkansas,Nevada,683.2426957735961
19,Alabama,Covington,1142.720207061705
1119,North Carolina,Haywood,85.70025999319932
369,Georgia,White,1544.6047549566874
326,Georgia,Peach,6940.2872109587415
879,Mississippi,Carroll,315.0536963765144
599,Iowa,Union,17114.052454694556
1229,Ohio,Mercer,1687.3719738365053
1004,Missouri,Lafayette,7620.205559415633
173,Florida,Glades,421.0610633727247
1612,Texas,Kimble,1428.888652428218
190,Florida,Liberty,1404.8195366857453
1571,Texas,Grimes,2350.5644814298557
1859,Virginia,Stafford,1277.4379166558938
1727,Texas,Wood,460.2047111735801
866,Michigan,Shiawassee,1146.3777099359486
317,Georgia,Monroe,-951.4598681674352
881,Mississippi,Choctaw,2777.4851307967065
263,Georgia,Douglas,2025.975846847712
867,Michigan,Tuscola,3158.1370757110317
1492,Texas,Bee,607.533115504194
700,Kentucky,Nelson,3198.852397637186
224,Georgia,Bartow,2642.8206121684534
501,Illinois,Union,8928.461584510871
1380,South Carolina,Saluda,1440.6590786323013
562,Iowa,Jasper,2564.8049062996724
1693,Texas,Sterling,16.400488834475254
1864,Virginia,Virginia Beach,6549.012875422478
1448,Tennessee,Moore,1260.4119114920604
214,Florida,Wakulla,1528.7335449459433
701,Kentucky,Nicholas,4799.1067138057615
1747,Utah,Piute,963.01921876289
1657,Texas,Oldham,1964.2687260549283
1040,Missouri,Reynolds,1362.3020477408072
1670,Texas,Real,2808.2070213296747
1890,New York,Nassau,3500.5832210104936
588,Iowa,Polk,1692.3751277010024
203,Florida,Pinellas,1140.154127285291
556,Iowa,Henry,2292.4648860452353
1618,Texas,Lamb,-280.9974642231373
1542,Texas,Dickens,728.3203701360062
218,Georgia,Atkinson,994.6934443755972
772,Louisiana,Tensas,2578.0047547149343
622,Kentucky,Bracken,1027.1860970518383
519,Iowa,Black Hawk,1257.0568811568928
1442,Tennessee,Maury,914.3139503196344
791,Michigan,Alcona,567.0067441976325
591,Iowa,Ringgold,1998.0718632890466
872,Mississippi,Adams,96.73665988652101
292,Georgia,Irwin,1930.8577887047404
1870,Virginia,York,394.5250363957002
367,Georgia,Webster,739.1335298727499
661,Kentucky,Henderson,3548.012901932717
225,Georgia,Ben Hill,4691.366272778031
650,Kentucky,Garrard,7927.325817913662
5,Alabama,Bullock,809.0709816404815
1667,Texas,Rains,3407.9197342347024
1106,North Carolina,Duplin,-1035.2340618717162
1090,North Carolina,Caldwell,602.082811515058
1176,Ohio,Adams,1103.8434927624548
1634,Texas,Mason,4816.536516417319
1786,Virginia,Campbell,5631.37880066989
138,Arkansas,Prairie,2907.411179666159
185,Florida,Lafayette,1308.6085048151008
1767,Vermont,Orange,2092.712798694919
445,Illinois,Grundy,2483.000274465093
1252,Ohio,Summit,5583.308701311188
1620,Texas,La Salle,21329.81272694991
1493,Texas,Bell,1810.1933855622092
1194,Ohio,Darke,6794.185491638483
1452,Tennessee,Perry,2079.5165903006437
1130,North Carolina,Lincoln,1746.0116883165765
685,Kentucky,Marion,2251.5320268527857
1116,North Carolina,Guilford,282.731427363231
1777,Virginia,Arlington,2672.1549396247474
290,Georgia,Henry,202.88438479031447
1238,Ohio,Paulding,26.054322724400663
298,Georgia,Johnson,-672.1797758498387
498,Illinois,Stark,1078.1766474800834
1842,Virginia,Pittsylvania,810.7788332287446
779,Louisiana,West Baton Rouge,3105.5858262926986
1653,Texas,Newton,2125.495215065771
1186,Ohio,Champaign,3157.134540214599
1366,South Carolina,Jasper,-2381.064458412764
375,Idaho,Ada,4601.103685269652
1083,North Carolina,Beaufort,1774.9628480537067
1428,Tennessee,Jackson,24528.55070290971
1078,North Carolina,Alexander,2006.451688087228
350,Georgia,Terrell,230.48095834020478
286,Georgia,Haralson,3936.9806864182274
818,Michigan,Grand Traverse,12248.474925407918
909,Mississippi,Leake,987.1708055166182
573,Iowa,Madison,484.1098786989287
1063,Nevada,Douglas,5808.798134481392
531,Iowa,Chickasaw,1516.8805633104184
1217,Ohio,Knox,1430.901233875864
801,Michigan,Berrien,4272.451984115979
974,Missouri,Clark,971.8994279260678
589,Iowa,Pottawattamie,713.5615064923122
135,Arkansas,Poinsett,1930.3186059234986
811,Michigan,Delta,4364.620057658673
1712,Texas,Victoria,2212.4791097635452
1656,Texas,Ochiltree,11051.963723695797
574,Iowa,Mahaska,10988.428705100727
1397,Tennessee,Chester,2674.016931815322
1181,Ohio,Auglaize,-349.0264358246859
649,Kentucky,Gallatin,-126.24526730459456
1233,Ohio,Morgan,2880.7118893421
1134,North Carolina,McDowell,-548.1152303600265
1247,Ohio,Sandusky,-390.27493874851643
725,Kentucky,Washington,654.981484107946
1770,Vermont,Windham,308.16471265629207
1325,Oklahoma,Pottawatomie,2813.63136293387
1420,Tennessee,Hardin,1777.4858216140683
496,Illinois,Scott,199.5987890430688
1101,North Carolina,Craven,856.9558406724573
810,Michigan,Crawford,855.5079414011307
607,Iowa,Winneshiek,1219.8109632519809
1211,Ohio,Highland,4567.6014937953705
1091,North Carolina,Camden,714.4154448542467
1388,Tennessee,Benton,3393.763555634733
1413,Tennessee,Grainger,3970.066556266999
1820,Virginia,King George,196.82037144996957
37,Alabama,Lauderdale,902.0815221889052
499,Illinois,Stephenson,1713.6584556886519
1095,North Carolina,Chatham,-116.89906179781701
213,Florida,Volusia,4710.493379845458
745,Louisiana,Concordia,1772.031469609945
1363,South Carolina,Greenwood,1050.4311344872704
860,Michigan,Ottawa,-250.99964660291698
1165,North Carolina,Union,1311.5661568509786
1795,Virginia,Cumberland,1346.4087323195663
1311,Oklahoma,McIntosh,851.4190607700766
1513,Texas,Cass,1064.4150066082257
1662,Texas,Parmer,1383.5726455900722
639,Kentucky,Cumberland,2047.3113203046023
1410,Tennessee,Franklin,2488.4034952475895
264,Georgia,Early,1783.9199456360275
1030,Missouri,Pettis,5908.30889454033
663,Kentucky,Hickman,2813.3552836338367
1564,Texas,Gillespie,575.1709808176456
1183,Ohio,Brown,527.0912448241452
1400,Tennessee,Cocke,12107.024046517068
61,Alabama,Walker,1160.539161912534
1695,Texas,Sutton,-166.9702404360305
56,Alabama,Shelby,2430.674713149313
235,Georgia,Calhoun,3992.513880418296
1441,Tennessee,Marshall,1750.8435741211433
652,Kentucky,Graves,9459.603751300401
78,Arizona,Yavapai,23147.779957009232
1546,Texas,Eastland,2451.577455294734
1248,Ohio,Scioto,842.5266953413247
188,Florida,Leon,1510.238288737176
848,Michigan,Monroe,1465.6635766514937
1678,Texas,Rusk,889.6136935844206
1850,Virginia,Roanoke,2463.9147553514604
1774,Virginia,Amelia,807.2808249157697
825,Michigan,Iosco,10176.585012434636
1856,Virginia,Smyth,3697.8028863640166
1808,Virginia,Grayson,2594.681612235073
1051,Missouri,Taney,401.40995438630216
133,Arkansas,Phillips,322.4768980947292
1294,Oklahoma,Haskell,1161.271502851303
403,Idaho,Lemhi,-184.4361539302372
1863,Virginia,Tazewell,972.4298497708978
852,Michigan,Newaygo,1601.4110673333043
564,Iowa,Johnson,3754.224321861094
1588,Texas,Hockley,8869.796801551547
524,Iowa,Butler,2140.9775962898866
728,Kentucky,Whitley,522.9830072804634
1264,Oklahoma,Adair,2709.819399513327
1713,Texas,Walker,1398.0432908317025
456,Illinois,Johnson,-764.3262940578506
638,Kentucky,Crittenden,407.1663408510576
1496,Texas,Borden,2770.422675132334
178,Florida,Hernando,851.7892001668588
935,Mississippi,Stone,2358.334811940461
1046,Missouri,Shannon,866.3005539185897
905,Mississippi,Lafayette,3653.97860583702
1889,New York,Monroe,1941.4606360379921
1273,Oklahoma,Carter,1082.2997644245588
386,Idaho,Butte,267.8678461343943
1208,Ohio,Hardin,3618.294721031184
718,Kentucky,Spencer,2837.0941795508215
1484,Texas,Archer,1138.439781142737
1281,Oklahoma,Craig,23242.907780990907
1706,Texas,Tyler,1442.7976553652734
981,Missouri,Dallas,10210.109090650883
211,Florida,Taylor,9841.146280184985
514,Iowa,Adams,7341.884680048634
162,Florida,Citrus,6928.761464934586
1574,Texas,Hall,-37.240105938212764
726,Kentucky,Wayne,1840.7042948405478
962,Missouri,Buchanan,435.098866811004
681,Kentucky,Logan,1532.151271678079
1785,Virginia,Buckingham,216.0407845359241
1464,Tennessee,Smith,1109.412449272757
618,Kentucky,Boone,1580.1666104774004
1625,Texas,Lipscomb,2614.0028542562904
346,Georgia,Taliaferro,745.0635744667798
785,Massachusetts,Franklin,890.5482657222592
806,Michigan,Cheboygan,1303.9714913370144
1772,Virginia,Albemarle,1379.7503160552887
1482,Texas,Angelina,-409.03173375208644
1510,Texas,Cameron,3883.296225780653
995,Missouri,Howard,3357.682357498413
1089,North Carolina,Cabarrus,1311.0367483182517
392,Idaho,Clearwater,1095.660001340836
733,Louisiana,Ascension,949.7911246730655
1226,Ohio,Marion,378.0646333078339
980,Missouri,Dade,4070.241013388594
58,Alabama,Talladega,652.9122258090965
1610,Texas,Kent,6405.385335119802
1769,Vermont,Washington,1745.2753261329399
1236,Ohio,Noble,1901.7349981054176
739,Louisiana,Caddo,2675.0764749280615
677,Kentucky,Letcher,5157.414703653175
940,Mississippi,Tishomingo,1654.9893267720809
1007,Missouri,Lincoln,6000.406226107239
1015,Missouri,Mercer,1948.834806182169
941,Mississippi,Tunica,240.98998765684155
1112,North Carolina,Gates,1370.7840920587214
506,Illinois,Wayne,3215.832285285639
1308,Oklahoma,Mayes,-256.7401057178504
813,Michigan,Eaton,1480.590522821446
1833,Virginia,New Kent,1171.9226044086136
641,Kentucky,Edmonson,939.3952841546989
1103,North Carolina,Dare,1930.0773479520913
713,Kentucky,Rowan,1959.0926156174455
1762,Vermont,Bennington,11632.557364762193
612,Kentucky,Allen,1493.6380115918782
826,Michigan,Iron,2141.3200546011503
396,Idaho,Fremont,3775.3153177293198
1297,Oklahoma,Jefferson,4821.620413620777
1817,Virginia,Isle of Wight,2173.374309649602
1263,Ohio,Wyandot,91.05256554278003
624,Kentucky,Breckinridge,24138.585648296008
137,Arkansas,Pope,110.76252390740683
1748,Utah,Rich,312.95207223504895
449,Illinois,Henderson,3140.333446583102
1267,Oklahoma,Beaver,90.83237599937729
1805,Virginia,Giles,-308.9027431232589
480,Illinois,Morgan,6533.727703916114
328,Georgia,Pierce,844.2540133146349
268,Georgia,Emanuel,32613.685577636716
1725,Texas,Winkler,-178.40678178166218
845,Michigan,Menominee,203.23061319134558
645,Kentucky,Fleming,-64.28954422283914
1154,North Carolina,Rockingham,225.28377343134798
1114,North Carolina,Granville,1734.7546792700778
100,Arkansas,Desha,949.1594535305348
316,Georgia,Mitchell,3532.933723034027
1390,Tennessee,Blount,312.55556050330324
1157,North Carolina,Sampson,-778.3149585140918
145,Arkansas,Sevier,2271.9662013686566
976,Missouri,Clinton,711.9636713634272
116,Arkansas,Lafayette,3905.2757122577905
1288,Oklahoma,Garvin,426.095764749658
874,Mississippi,Amite,1629.7185823311338
155,Florida,Baker,1259.4124334410963
1312,Oklahoma,Murray,1374.1896485777943
690,Kentucky,McCreary,815.4496311102275
75,Arizona,Pima,2635.7271613724924
1270,Oklahoma,Bryan,3922.914359150872
309,Georgia,Macon,-422.54691029424157
0,Alabama,Autauga,1436.9160967574735
249,Georgia,Cobb,3235.676164115993
1759,Utah,Wayne,6800.592385212295
1037,Missouri,Ralls,1186.9619796748657
277,Georgia,Glascock,1358.8313919163702
451,Illinois,Iroquois,1535.5668955569136
536,Iowa,Crawford,4303.5386883481015
847,Michigan,Missaukee,646.0591921861669
911,Mississippi,Leflore,2524.474805085797
68,Arizona,Gila,346.4567057547929
179,Florida,Highlands,136.01737057211085
1716,Texas,Washington,782.8369579275341
474,Illinois,McHenry,422.08226128475144
1082,North Carolina,Avery,232.21398974484782
364,Georgia,Warren,398.8880211729411
339,Georgia,Screven,22.655623617071797
297,Georgia,Jenkins,22535.74072893946
598,Iowa,Taylor,3257.3934566079142
21,Alabama,Cullman,21667.5529803634
107,Arkansas,Greene,525.5337449366234
554,Iowa,Hardin,1565.3593673872392
423,Illinois,Bureau,-232.6691961841725
206,Florida,Santa Rosa,10988.664403730709
121,Arkansas,Logan,473.1095978121075
1135,North Carolina,Mecklenburg,616.4464422542842
262,Georgia,Dougherty,8429.924130898573
948,Mississippi,Wilkinson,196.31749612036492
448,Illinois,Hardin,864.0205633030928
836,Michigan,Lenawee,893.8522921522426
1507,Texas,Caldwell,508.65521220263145
1179,Ohio,Ashtabula,852.0902407213371
1572,Texas,Guadalupe,1191.7556758344426
147,Arkansas,Stone,1178.985138218909
1206,Ohio,Hamilton,1008.8452265218466
1329,Oklahoma,Seminole,3265.556679268472
1751,Utah,Sanpete,-495.6064982599264
1830,Virginia,Middlesex,195.51364794922574
176,Florida,Hardee,1449.339664271978
1274,Oklahoma,Cherokee,1029.603761705168
1259,Ohio,Washington,869.6066873425043
1407,Tennessee,Dyer,1856.5129700196348
358,Georgia,Twiggs,4659.016503018335
1087,North Carolina,Buncombe,665.0960832365436
1354,South Carolina,Colleton,7043.95645318136
40,Alabama,Limestone,2007.0570663554918
830,Michigan,Kalkaska,1667.533373283265
10,Alabama,Chilton,2835.36869036794
1200,Ohio,Franklin,881.3270608317225
580,Iowa,Monroe,2642.187472197368
1463,Tennessee,Shelby,-369.5244617254393
984,Missouri,Douglas,9805.307690417463
1590,Texas,Hopkins,2436.1011127676775
842,Michigan,Marquette,897.8835990139232
803,Michigan,Calhoun,3001.626897588264
654,Kentucky,Green,4824.884666736624
79,Arizona,Yuma,1751.60558189724
390,Idaho,Cassia,1813.065038851416
1876,New Hampshire,Hillsborough,224.13783084050465
261,Georgia,Dooly,1803.5639942698808
117,Arkansas,Lawrence,1134.1147187803153
1026,Missouri,Osage,3388.996206058885
86,Arkansas,Calhoun,1946.2135587417824
368,Georgia,Wheeler,5816.698875916079
742,Louisiana,Cameron,1335.7197246367014
493,Illinois,Saline,102.28036174975477
1869,Virginia,Wythe,1422.8457905720088
1686,Texas,Shackelford,849.4020251356496
924,Mississippi,Pearl River,1729.8087680382368
1878,New Hampshire,Rockingham,2765.2330105029678
795,Michigan,Antrim,6815.716509193625
141,Arkansas,Saline,3946.074848889358
136,Arkansas,Polk,1827.9482638921172
1215,Ohio,Jackson,2350.6369341346735
1100,North Carolina,Columbus,2266.043049786068
1218,Ohio,Lake,16682.30229266898
1212,Ohio,Hocking,-589.471069171389
963,Missouri,Butler,2023.675508644068
1121,North Carolina,Hertford,18993.496362344027
191,Florida,Madison,3850.0965635468683
1188,Ohio,Clermont,9997.670317661577
124,Arkansas,Marion,1073.922625329741
527,Iowa,Cass,145.39419174125214
431,Illinois,Clinton,-178.91745240467299
1214,Ohio,Huron,1702.8354908339725
1581,Texas,Hartley,2393.660134679044
1740,Utah,Garfield,1176.227038253499
1300,Oklahoma,Kingfisher,2512.112280934988
615,Kentucky,Barren,1859.159286282702
1455,Tennessee,Putnam,1069.117007088208
1035,Missouri,Pulaski,1545.4039002661984
601,Iowa,Wapello,5950.413418261437
846,Michigan,Midland,378.86391371997615
833,Michigan,Lake,40742.57525395412
768,Louisiana,Red River,17347.547857511083
805,Michigan,Charlevoix,3859.8455014146957
1544,Texas,Donley,835.2401598736542
363,Georgia,Ware,488.1549450812572
216,Florida,Washington,1237.2535437048473
1756,Utah,Utah,7989.011134313884
977,Missouri,Cole,1879.6368851046664
579,Iowa,Monona,6666.360976102179
1807,Virginia,Goochland,1844.1796698930384
908,Mississippi,Lawrence,878.484219763458
353,Georgia,Toombs,11190.050776607655
637,Kentucky,Clinton,-2020.4655895161713
724,Kentucky,Warren,2411.534202755034
1887,New York,Franklin,772.3671478247052
238,Georgia,Carroll,-188.82779463260067
43,Alabama,Madison,11960.664549993136
1158,North Carolina,Scotland,2021.7861112559858
461,Illinois,Lake,1779.7733921173385
553,Iowa,Hancock,795.0222081131824
1327,Oklahoma,Roger Mills,1909.411848266821
1336,Oklahoma,Washington,1889.9632143250774
1383,South Carolina,Union,-123.906957111476
169,Florida,Flagler,542.701698327769
613,Kentucky,Anderson,2912.1939509687973
1151,North Carolina,Randolph,9564.924211603255
407,Idaho,Minidoka,750.3646886997212
374,Georgia,Worth,3529.8751089097887
815,Michigan,Genesee,2136.112324437804
1168,North Carolina,Warren,1409.7472820539833
1603,Texas,Jim Wells,1417.9947346233612
1731,Texas,Zavala,796.3253867909953
1682,Texas,San Patricio,703.385263034379
1392,Tennessee,Campbell,-51.47000155790829
1425,Tennessee,Hickman,46.853931962870774
711,Kentucky,Robertson,851.6673925302857
1326,Oklahoma,Pushmataha,1560.8719858702452
626,Kentucky,Butler,28.71204376577225
567,Iowa,Kossuth,1677.3915057878494
919,Mississippi,Neshoba,2031.0617018089624
1580,Texas,Harrison,991.5663962336466
1672,Texas,Reeves,555.1453284446216
776,Louisiana,Vernon,991.3053601916927
1573,Texas,Hale,1229.4230296705655
1711,Texas,Van Zandt,2719.9662836220377
790,Massachusetts,Worcester,6478.7823454353465
837,Michigan,Livingston,2709.2217480855697
20,Alabama,Crenshaw,4730.96528419749
809,Michigan,Clinton,2226.518381557239
299,Georgia,Jones,78.2033398592348
808,Michigan,Clare,531.5096999424868
74,Arizona,Navajo,1290.7394536426955
1800,Virginia,Fauquier,803.9076661253193
1758,Utah,Washington,1386.5885090389147
1823,Virginia,Lee,151831.91547022268
1333,Oklahoma,Tillman,2865.2621653280758
347,Georgia,Tattnall,-728.0315650720031
183,Florida,Jackson,2756.178391810022
73,Arizona,Mohave,3198.6970221093534
1761,Vermont,Addison,-30.85256379980001
584,Iowa,Page,3084.449191293991
901,Mississippi,Jasper,-542.5419058303842
1241,Ohio,Pike,-330.4348081395565
1279,Oklahoma,Comanche,2550.3198097499107
1481,Texas,Andrews,-130.65377211400482
502,Illinois,Vermilion,2523.014452295408
243,Georgia,Chattooga,20030.09811789915
1632,Texas,Marion,944.7079206878325
1198,Ohio,Fairfield,551.490887961274
870,Michigan,Wayne,2067.5456833598682
822,Michigan,Huron,1379.938251419735
856,Michigan,Ontonagon,1353.8413504489463
1080,North Carolina,Anson,1520.0535547070667
1755,Utah,Uintah,1827.053944795106
1491,Texas,Baylor,922.1405474737821
936,Mississippi,Sunflower,2788.608040904498
1426,Tennessee,Houston,760.9119368992615
436,Illinois,Edgar,999.3635590461754
1395,Tennessee,Carter,3089.40155724289
1515,Texas,Chambers,739.026790457734
799,Michigan,Bay,508.43432173693327
1861,Virginia,Surry,1714.96770976656
916,Mississippi,Marshall,2091.86891384682
90,Arkansas,Clay,-70.90268251774614
1064,Nevada,Elko,2528.530055396547
973,Missouri,Christian,1289.360619232565
1516,Texas,Cherokee,1161.9976442341003
47,Alabama,Mobile,1031.477495241018
1637,Texas,McCulloch,2106.159087448579
332,Georgia,Putnam,9560.04462131151
655,Kentucky,Greenup,10757.633408098423
596,Iowa,Story,3110.5072106837843
730,Kentucky,Woodford,1482.9035209034628
6,Alabama,Butler,391.91916643696186
807,Michigan,Chippewa,911.5296525233989
381,Idaho,Blaine,7550.277317874278
517,Iowa,Audubon,51.98755368783077
1829,Virginia,Mecklenburg,617.78289028361
735,Louisiana,Avoyelles,380.5779910446181
886,Mississippi,Copiah,44.604379571276695
1519,Texas,Cochran,1052.4676867420358
1163,North Carolina,Transylvania,1475.3103100590179
2,Alabama,Barbour,1694.6562612561584
1070,Nevada,Lyon,3051.366925164285
1192,Ohio,Crawford,2450.841728019469
1347,South Carolina,Berkeley,1140.3590210157736
1871,New Hampshire,Belknap,1837.5957281748006
1433,Tennessee,Lauderdale,2640.1914940764173
406,Idaho,Madison,491.8464424096701
134,Arkansas,Pike,883.3723894638888
1815,Virginia,Henry,614.2008656066164
787,Massachusetts,Nantucket,963.8540973693498
1804,Virginia,Frederick,3507.695706759533
913,Mississippi,Lowndes,2090.7620372212496
1477,Tennessee,White,1733.0070589331071
441,Illinois,Franklin,1156.2253890943357
1867,Virginia,Westmoreland,2152.9768491827017
1875,New Hampshire,Grafton,412.4566171358547
1443,Tennessee,McMinn,631.4454545595618
1776,Virginia,Appomattox,2549.3240987982444
338,Georgia,Schley,10028.326435254272
377,Idaho,Bannock,7044.154151711286
334,Georgia,Rabun,2264.71385088426
490,Illinois,Randolph,1745.5773312284855
408,Idaho,Nez Perce,746.5080921306244
906,Mississippi,Lamar,328.6692435582245
53,Alabama,Pike,543.3532585318289
329,Georgia,Pike,2744.3004267376655
1720,Texas,Wichita,875.0300362411435
1436,Tennessee,Lincoln,1130.3903812708368
1778,Virginia,Augusta,756.2690951224777
1655,Texas,Nueces,2143.83733605619
1378,South Carolina,Pickens,2018.343118371752
1404,Tennessee,Davidson,836.2631372726091
1539,Texas,Delta,1261.7677265401935
559,Iowa,Ida,-1107.6823785954002
849,Michigan,Montcalm,947.3475703815111
838,Michigan,Luce,2250.937023247875
1306,Oklahoma,Major,818.5463682740401
1231,Ohio,Monroe,960.1257942573748
1205,Ohio,Guernsey,-73.86349197418986
1331,Oklahoma,Stephens,1012.8810751327501
914,Mississippi,Madison,1398.116617540516
1411,Tennessee,Gibson,957.8087628064904
1284,Oklahoma,Delaware,275.12371802107555
470,Illinois,Marshall,1230.9222545345392
1845,Virginia,Prince George,1432.8005936444097
302,Georgia,Laurens,2835.6891792446413
1722,Texas,Willacy,3492.6566523877473
475,Illinois,McLean,50.89991538721097
1729,Texas,Young,9954.709786112217
968,Missouri,Carroll,1160.4933818871486
1031,Missouri,Phelps,2209.923383592064
1018,Missouri,Moniteau,377.66585136509457
763,Louisiana,Orleans,2177.9561878222285
1460,Tennessee,Scott,571.0030278116747
1324,Oklahoma,Pontotoc,4895.164296933216
1049,Missouri,Stone,1612.8029511053346
1079,North Carolina,Alleghany,2958.304176104836
391,Idaho,Clark,212.54267786384025
380,Idaho,Bingham,1374.9312131969427
576,Iowa,Marshall,1960.4985209083552
130,Arkansas,Newton,863.6729218769624
402,Idaho,Latah,-146.3589650547865
1865,Virginia,Warren,1272.4722934226484
1389,Tennessee,Bledsoe,689.9158307249772
1408,Tennessee,Fayette,4023.9059845852817
1008,Missouri,Linn,4685.301378667939
794,Michigan,Alpena,-2750.496933730332
1242,Ohio,Portage,1435.0588530010573
1072,Nevada,Nye,577.8946183057924
345,Georgia,Talbot,2983.7886143100995
1502,Texas,Briscoe,752.1920712749397
257,Georgia,Dade,1143.3101596294646
306,Georgia,Long,362.9815958872796
1142,North Carolina,Onslow,9399.883551710758
1674,Texas,Roberts,1181.578718671205
646,Kentucky,Floyd,179.87644206698042
513,Iowa,Adair,2616.7229754951786
864,Michigan,Sanilac,-151.2453750913437
1430,Tennessee,Johnson,2362.7993744301148
1256,Ohio,Van Wert,4262.70674963745
476,Illinois,Menard,9564.62576382648
1495,Texas,Blanco,-407.6058050736192
437,Illinois,Edwards,1705.8466256602305
415,Idaho,Twin Falls,1000.3053260287261
468,Illinois,Madison,1191.9376048886234
122,Arkansas,Lonoke,1292.7314131309158
1232,Ohio,Montgomery,1701.8140453554597
1511,Texas,Camp,648.0531949992173
563,Iowa,Jefferson,268.3604372256632
1880,New Hampshire,Sullivan,470.239829043373
1356,South Carolina,Dillon,1077.9304378625438
1141,North Carolina,Northampton,821.3293500208147
988,Missouri,Gentry,3885.752565210024
1010,Missouri,Macon,3307.943595964528
1707,Texas,Upshur,268.2424286101468
1387,Tennessee,Bedford,6475.018764084362
1597,Texas,Jack,11185.058869108052
101,Arkansas,Drew,20765.786430181437
1737,Utah,Davis,-2132.186530044721
231,Georgia,Bryan,391.55511841112093
1225,Ohio,Mahoning,4084.0372031597917
578,Iowa,Mitchell,701.9734431219167
336,Georgia,Richmond,-671.1180136401126
318,Georgia,Montgomery,1394.7818071024203
251,Georgia,Colquitt,10060.508796882783
452,Illinois,Jackson,902.4624644758451
1172,North Carolina,Wilkes,2110.1419715067705
910,Mississippi,Lee,452.8529598851028
998,Missouri,Jackson,1937.7292538282318
1127,North Carolina,Jones,1070.8746383613097
1885,New York,Erie,753.8276961553102
372,Georgia,Wilkes,791.1238364104202
557,Iowa,Howard,-287.43892761176085
94,Arkansas,Conway,-151.19729926745367
1499,Texas,Brazoria,4470.999448446449
1196,Ohio,Delaware,2371.450476641584
1675,Texas,Robertson,782.9022305776653
370,Georgia,Whitfield,2400.7463028364364
97,Arkansas,Crittenden,5387.574188297879
996,Missouri,Howell,1410.3709156320474
1489,Texas,Bandera,6985.2086790873445
1787,Virginia,Caroline,1295.8979943409286
945,Mississippi,Washington,3706.0804489138764
1,Alabama,Baldwin,3971.2363741097533
426,Illinois,Cass,2485.676200781935
1020,Missouri,Montgomery,2096.601624217459
959,Missouri,Benton,955.9535182378995
692,Kentucky,Meade,928.5401775501987
774,Louisiana,Union,767.9368519694153
832,Michigan,Keweenaw,872.839199754465
439,Illinois,Fayette,821.4624116006207
1129,North Carolina,Lenoir,621.9235344036506
595,Iowa,Sioux,366.2281380615623
895,Mississippi,Hinds,1170.1511854271585
1060,Nevada,Carson City,1710.357268802839
958,Missouri,Bates,2298.546694244824
643,Kentucky,Estill,3349.5115857050687
1538,Texas,Deaf Smith,4433.10138337119
1806,Virginia,Gloucester,3179.1793831603236
788,Massachusetts,Norfolk,2782.1806163472475
349,Georgia,Telfair,540.7464975067205
11,Alabama,Choctaw,1888.569542867196
1286,Oklahoma,Ellis,2155.108854016169
628,Kentucky,Calloway,926.8853488524337
140,Arkansas,Randolph,3042.7196580700156
1857,Virginia,Southampton,46.0605562329647
379,Idaho,Benewah,620.7516603393942
625,Kentucky,Bullitt,2629.4326327646622
152,Arkansas,Woodruff,1439.1871679043406
747,Louisiana,East Carroll,2113.9310259852527
750,Louisiana,Franklin,3868.3547576234096
1736,Utah,Daggett,230.63911578525858
1882,New York,Bronx,1043.689339538104
494,Illinois,Sangamon,1540.6391481711817
157,Florida,Bradford,1384.7440075190043
1001,Missouri,Johnson,216.32821018474078
1187,Ohio,Clark,2430.397986292979
686,Kentucky,Marshall,89.0383798894427
1466,Tennessee,Sullivan,-9641.50875909537
54,Alabama,Randolph,7197.41753334168
383,Idaho,Bonner,10580.932323812092
1485,Texas,Armstrong,1136.403359228152
1801,Virginia,Floyd,881.2697701789893
1303,Oklahoma,Lincoln,5236.194771975536
954,Missouri,Atchison,275.3762941318946
1598,Texas,Jackson,538.851824242297
550,Iowa,Grundy,8814.363065255431
425,Illinois,Carroll,-567.3468687186041
331,Georgia,Pulaski,885.6163247635104
205,Florida,Putnam,3046.4076625491425
1600,Texas,Jeff Davis,1891.98928835469
991,Missouri,Harrison,2972.7868123901235
608,Iowa,Woodbury,9634.29302415581
1257,Ohio,Vinton,15905.937286897915
357,Georgia,Turner,10883.49496351205
1467,Tennessee,Sumner,5946.880622482947
242,Georgia,Chattahoochee,1338.6998086917793
990,Missouri,Grundy,356.3812744956258
1113,North Carolina,Graham,496.88452924731064
189,Florida,Levy,184.6335707276994
420,Illinois,Bond,526.7410287656767
1784,Virginia,Buchanan,1304.5717043395043
716,Kentucky,Shelby,1487.9720768061752
118,Arkansas,Lee,771.891719695429
1092,North Carolina,Carteret,2775.7206909063934
851,Michigan,Muskegon,930.6302560217591
1636,Texas,Maverick,457.7523466976545
1526,Texas,Comanche,5316.261503789653
854,Michigan,Oceana,141.4160997862882
1470,Tennessee,Unicoi,3985.80633988267
1110,North Carolina,Franklin,769.2371586346517
666,Kentucky,Jefferson,1652.9052814591832
479,Illinois,Montgomery,599.2263004080369
1415,Tennessee,Grundy,983.5958178289657
1027,Missouri,Ozark,1279.5966582633264
1162,North Carolina,Swain,9634.549296365993
1512,Texas,Carson,5944.630779922288
8,Alabama,Chambers,4016.9031055440037
1763,Vermont,Chittenden,1662.2145252984046
1775,Virginia,Amherst,1821.06542557376
39,Alabama,Lee,-323.84711052859984
1565,Texas,Glasscock,13891.528600635316
835,Michigan,Leelanau,132.1316819034264
1032,Missouri,Pike,860.3343784634308
254,Georgia,Coweta,1171.6275118778858
668,Kentucky,Johnson,1156.8618051781987
67,Arizona,Coconino,6155.187440584187
525,Iowa,Calhoun,-256.6901020551095
997,Missouri,Iron,999.2388972510662
281,Georgia,Greene,521.9509327703427
715,Kentucky,Scott,805.0909524544295
970,Missouri,Cass,4019.0821684865123
1877,New Hampshire,Merrimack,710.6238722011367
269,Georgia,Evans,787.685860820703
215,Florida,Walton,2849.2229572713704
446,Illinois,Hamilton,3440.057846219085
1285,Oklahoma,Dewey,2693.586227847937
1071,Nevada,Mineral,574.2318157228383
354,Georgia,Towns,780.286232943291
1318,Oklahoma,Okmulgee,2185.800595178627
583,Iowa,Osceola,11273.707977064241
45,Alabama,Marion,13729.077449892447
60,Alabama,Tuscaloosa,1231.607781762671
1123,North Carolina,Hyde,1020.6004239917311
1623,Texas,Liberty,-206.54237576761625
982,Missouri,Daviess,984.9017504277881
323,Georgia,Oconee,611.0349025186233
775,Louisiana,Vermilion,-8.565457056515697
1709,Texas,Uvalde,-329.85705361289
1309,Oklahoma,McClain,95.77594782073447
1669,Texas,Reagan,7705.45327578064
1673,Texas,Refugio,787.2811325553939
890,Mississippi,George,10408.826182757668
478,Illinois,Monroe,905.2993734099628
1335,Oklahoma,Wagoner,1125.9944144403235
674,Kentucky,Lawrence,1820.8068307323374
1033,Missouri,Platte,2894.0458681011087
731,Louisiana,Acadia,3203.6294771630573
1213,Ohio,Holmes,716.1774519654282
610,Iowa,Wright,900.3865292509963
1836,Virginia,Northampton,1470.501521905324
387,Idaho,Camas,944.5947620387951
210,Florida,Suwannee,20065.049977828105
1153,North Carolina,Robeson,19600.34245646733
151,Arkansas,White,1213.2872533502987
950,Mississippi,Yalobusha,3322.007196573887
1175,North Carolina,Yancey,626.9068698959554
1319,Oklahoma,Osage,529.4682961981653
859,Michigan,Otsego,1373.763386901206
600,Iowa,Van Buren,-1521.4679163148062
409,Idaho,Oneida,963.9280438316073
1417,Tennessee,Hamilton,60.52589915628687
1368,South Carolina,Lancaster,2884.9999768294356
199,Florida,Orange,-1208.1441349056631
1855,Virginia,Shenandoah,350.9780190116353
1530,Texas,Cottle,1484.5356157829501
1733,Utah,Box Elder,1767.3498672614114
1566,Texas,Goliad,4739.304383511818
1265,Oklahoma,Alfalfa,5911.973530753635
960,Missouri,Bollinger,2668.630405100268
619,Kentucky,Bourbon,2449.3552552275733
142,Arkansas,Scott,3170.627215185733
1301,Oklahoma,Kiowa,720.5681670446902
1696,Texas,Swisher,8803.005876974403
1522,Texas,Collin,526.7629231491619
857,Michigan,Osceola,1847.5606469659479
103,Arkansas,Franklin,1753.3983445398217
956,Missouri,Barry,4771.423467915564
1465,Tennessee,Stewart,-213.67956099765706
443,Illinois,Gallatin,6924.0610481243975
164,Florida,Collier,1332.2148643876626
1658,Texas,Orange,510.3571521210906
84,Arkansas,Boone,842.701503860625
28,Alabama,Franklin,549.6679074053827
829,Michigan,Kalamazoo,4427.777183333551
594,Iowa,Shelby,5899.696106558143
757,Louisiana,Lafourche,1808.2211758884432
89,Arkansas,Clark,3174.3884106274463
878,Mississippi,Calhoun,983.1248896699726
1570,Texas,Gregg,3413.680740052426
1459,Tennessee,Rutherford,72.69164230599927
1851,Virginia,Rockbridge,1092.6468507158015
1128,North Carolina,Lee,337.18874452924774
1583,Texas,Hays,-234.73696715499955
507,Illinois,White,6987.262165784406
1606,Texas,Karnes,2721.126654110507
827,Michigan,Isabella,2282.1940202552723
166,Florida,Dixie,2544.216873807238
951,Mississippi,Yazoo,3312.1489091678823
1096,North Carolina,Cherokee,993.1788060228082
1843,Virginia,Powhatan,8760.949745063172
944,Mississippi,Warren,1573.385310286386
258,Georgia,Dawson,571.0865751042566
1457,Tennessee,Roane,2476.2866093032435
304,Georgia,Liberty,1684.8665669737666
492,Illinois,Rock Island,570.5792047971954
1365,South Carolina,Horry,1479.937704299533
1541,Texas,De Witt,1928.1028253057702
899,Mississippi,Itawamba,5837.087842119597
1773,Virginia,Alleghany,4190.080835936057
671,Kentucky,Knox,4461.284721863986
1535,Texas,Dallam,403.09053545192455
743,Louisiana,Catahoula,3077.8569927444996
174,Florida,Gulf,4845.47989833386
781,Louisiana,West Feliciana,2832.7677277642933
1148,North Carolina,Person,3320.8045913859123
1334,Oklahoma,Tulsa,1009.7322494396503
208,Florida,Seminole,2782.083362299407
1560,Texas,Freestone,659.4542394892624
18,Alabama,Coosa,3922.8656738775926
230,Georgia,Brooks,2538.225904096941
1524,Texas,Colorado,3397.809908146378
1730,Texas,Zapata,966.5587107821175
1081,North Carolina,Ashe,-299.4929858982805
51,Alabama,Perry,5118.5058951869405
862,Michigan,Roscommon,1796.7472668502232
1753,Utah,Summit,22075.72046429244
1171,North Carolina,Wayne,4316.174817164795
1427,Tennessee,Humphreys,1656.178462611264
1798,Virginia,Essex,255.55902104719553
247,Georgia,Clayton,591.5760985605875
741,Louisiana,Caldwell,626.2949790937
691,Kentucky,McLean,3471.6051640140586
1576,Texas,Hansford,605.8543017793945
542,Iowa,Dickinson,898.1148237224152
1548,Texas,Edwards,3828.3034616678897
880,Mississippi,Chickasaw,1125.4874308969092
1362,South Carolina,Greenville,2575.404807268271
34,Alabama,Jackson,1305.6998775066131
442,Illinois,Fulton,1889.3751211551535
313,Georgia,McIntosh,11120.854304135948
966,Missouri,Camden,712.2644226148268
460,Illinois,Knox,591.8257889692804
96,Arkansas,Crawford,14811.34026484556
1780,Virginia,Bedford,166.902885835917
1393,Tennessee,Cannon,2043.7612962129197
1812,Virginia,Hampton,4642.952109761157
1616,Texas,Knox,751.0175259439038
1097,North Carolina,Chowan,1414.0563337040794
111,Arkansas,Independence,8437.622991396409
566,Iowa,Keokuk,2120.7109655823533
1299,Oklahoma,Kay,12554.084093017125
193,Florida,Marion,3010.9370942996766
868,Michigan,Van Buren,6877.751822053514
104,Arkansas,Fulton,402.87096519022725
1133,North Carolina,Martin,187.63455701589464
877,Mississippi,Bolivar,4420.133314750909
1314,Oklahoma,Noble,400.3356734058707
433,Illinois,Crawford,593.8954430006215
1517,Texas,Childress,1039.2617029139547
1555,Texas,Fisher,161.52417961114224
201,Florida,Palm Beach,1597.6108111888316
1224,Ohio,Madison,-154.51468496219331
1531,Texas,Crane,-1172.5156341937623
521,Iowa,Bremer,24287.661376425214
1357,South Carolina,Dorchester,337.4254414173529
1717,Texas,Webb,6279.355942773732
1648,Texas,Moore,2565.172308717858
212,Florida,Union,2877.4744583981383
444,Illinois,Greene,1369.0645087126732
552,Iowa,Hamilton,699.757519867504
1596,Texas,Irion,2914.6581568744086
1846,Virginia,Prince William,-173.39699460254724
1677,Texas,Runnels,2338.0009327657526
1471,Tennessee,Union,2081.056898967994
511,Illinois,Winnebago,3337.522761175457
1835,Virginia,Norfolk,1727.1244596115557
1739,Utah,Emery,2678.7151368701834
696,Kentucky,Monroe,1472.7042899846783
1117,North Carolina,Halifax,24478.266142393048
1002,Missouri,Knox,2167.9565509177137
1819,Virginia,King and Queen,1415.1054347600675
324,Georgia,Oglethorpe,4510.7744654998905
855,Michigan,Ogemaw,1077.4954059204547
120,Arkansas,Little River,1022.4242672098062
429,Illinois,Clark,-45.39674400429885
270,Georgia,Fannin,440.8753894290512
1278,Oklahoma,Coal,342.3667166467758
1602,Texas,Jim Hogg,915.9931809249965
355,Georgia,Treutlen,536.0859999591894
170,Florida,Franklin,2605.6062031495785
1764,Vermont,Essex,752.760377091422
83,Arkansas,Benton,4357.525414172255
544,Iowa,Emmet,2881.69402666932
533,Iowa,Clay,198.64769681321286
1639,Texas,McMullen,1762.8395000832998
72,Arizona,Maricopa,6183.787716901009
1146,North Carolina,Pender,567.659641617307
614,Kentucky,Ballard,1160.3929975249002
293,Georgia,Jackson,3513.175654692709
1615,Texas,Kleberg,2409.952891655382
1330,Oklahoma,Sequoyah,2449.4920207119676
221,Georgia,Baldwin,581.4448936357794
36,Alabama,Lamar,1290.2480033070688
48,Alabama,Monroe,1123.5470699993348
1342,South Carolina,Allendale,3043.611337059133
265,Georgia,Echols,15188.326403541512
1659,Texas,Palo Pinto,552.3905707917174
1195,Ohio,Defiance,1315.8047619238996
992,Missouri,Henry,346.4721421096301
1246,Ohio,Ross,1032.4255470875332
1664,Texas,Polk,1167.1934194593377
359,Georgia,Union,822.8790107482864
1343,South Carolina,Anderson,10965.94685469869
627,Kentucky,Caldwell,162.28533608421185
1813,Virginia,Hanover,689.808493159414
609,Iowa,Worth,3308.333465763276
548,Iowa,Fremont,1012.5836942012957
197,Florida,Nassau,101.79438984735225
1630,Texas,Lynn,-370.9903760351408
657,Kentucky,Hardin,1222.7060211443013
850,Michigan,Montmorency,1659.989939199183
1611,Texas,Kerr,2258.0164610453285
765,Louisiana,Plaquemines,1963.5417701495562
1844,Virginia,Prince Edward,3041.728519090898
1638,Texas,McLennan,829.4420646482167
465,Illinois,Logan,1313.2120160142285
1868,Virginia,Wise,3410.2878330250305
1041,Missouri,Ripley,2997.028444156419
621,Kentucky,Boyle,1429.778521520454
1831,Virginia,Montgomery,1608.7679513811863
732,Louisiana,Allen,12293.425366443716
1405,Tennessee,Decatur,-363.79361188694475
1065,Nevada,Esmeralda,442.8297722663701
344,Georgia,Sumter,1700.8228181777595
1139,North Carolina,Nash,2531.3458845972636
603,Iowa,Washington,-2210.7742377758127
1147,North Carolina,Perquimans,-96.20337699130778
1793,Virginia,Craig,10634.137460887658
50,Alabama,Morgan,1230.4784549314845
255,Georgia,Crawford,5598.902298902652
712,Kentucky,Rockcastle,28973.934715594813
102,Arkansas,Faulkner,-180.0002936042947
1145,North Carolina,Pasquotank,692.83705517815
488,Illinois,Pulaski,4584.013846845849
1043,Missouri,Schuyler,1224.5122448402772
146,Arkansas,Sharp,4547.759931260301
1828,Virginia,Mathews,4493.590597571495
1735,Utah,Carbon,540.2791123696161
1540,Texas,Denton,3322.710554056931
651,Kentucky,Grant,2107.9934620368676
106,Arkansas,Grant,-633.5963056362834
1676,Texas,Rockwall,13051.665500588417
1021,Missouri,Morgan,5617.36639103855
1821,Virginia,King William,482.7391293049077
1608,Texas,Kendall,3619.8300324940456
504,Illinois,Warren,1587.0694073549212
419,Illinois,Alexander,2338.5165686931286
273,Georgia,Forsyth,-184.81368626999028
287,Georgia,Harris,2765.5832571199335
1340,South Carolina,Abbeville,5576.017658880773
1652,Texas,Navarro,765.142802710604
665,Kentucky,Jackson,669.3243233739177
1635,Texas,Matagorda,488.27251897248516
1628,Texas,Loving,20.818899355842404
1044,Missouri,Scotland,404.1523278771683
953,Missouri,Andrew,2224.3015363634404
1275,Oklahoma,Choctaw,3917.182745969135
664,Kentucky,Hopkins,2848.1406349716017
1551,Texas,Erath,1326.325537943836
1047,Missouri,Shelby,304.6014593247128
512,Illinois,Woodford,348.022167258081
1201,Ohio,Fulton,721.8822222907138
1626,Texas,Live Oak,-208.35002091713523
416,Idaho,Valley,3141.5580481661227
738,Louisiana,Bossier,830.3311290680849
630,Kentucky,Carlisle,1054.1587072486318
1802,Virginia,Fluvanna,6293.18160756266
1809,Virginia,Greene,1684.6597043019538
404,Idaho,Lewis,1410.8068467907233
59,Alabama,Tallapoosa,3250.762377778653
672,Kentucky,LaRue,152.7659058951176
483,Illinois,Peoria,3523.156451394424
250,Georgia,Coffee,1433.6481477361622
560,Iowa,Iowa,23939.981232583243
1816,Virginia,Highland,2230.011020507788
804,Michigan,Cass,1270.3390984433372
300,Georgia,Lamar,312.20237348561477
1447,Tennessee,Montgomery,4250.340063359198
1381,South Carolina,Spartanburg,4834.423176232188
679,Kentucky,Lincoln,3659.584135787635
233,Georgia,Burke,1800.5123879378425
1050,Missouri,Sullivan,-222.31269316457747
530,Iowa,Cherokee,2350.0317042886236
1445,Tennessee,Meigs,1181.1831206440102
931,Mississippi,Scott,751.861200978271
539,Iowa,Decatur,2429.468966757663
545,Iowa,Fayette,2823.189895009128
1220,Ohio,Licking,283.181499834197
388,Idaho,Canyon,29.89130070979718
1690,Texas,Somervell,1159.497215812199
1066,Nevada,Eureka,4888.312765504982
575,Iowa,Marion,-247.16443663200698
719,Kentucky,Taylor,1645.5975859842774
418,Illinois,Adams,1281.4523985309015
777,Louisiana,Washington,527.472716429711
310,Georgia,Madison,2327.3952254303886
844,Michigan,Mecosta,7741.118473753138
161,Florida,Charlotte,1295.7221667588765
81,Arkansas,Ashley,1138.0530245541258
1523,Texas,Collingsworth,844.8318937576114
749,Louisiana,Evangeline,9565.8530807928
279,Georgia,Gordon,37.45633266672212
1034,Missouri,Polk,14058.546758633049
516,Iowa,Appanoose,3508.6165518395637
1240,Ohio,Pickaway,9968.275136092569
839,Michigan,Mackinac,440.6199655121354
1453,Tennessee,Pickett,15259.022124016468
928,Mississippi,Prentiss,19184.296251010004
1579,Texas,Harris,1662.9013082759666
1374,South Carolina,McCormick,234.54480612288262
605,Iowa,Webster,1983.7463789684743
342,Georgia,Stephens,408.7078279600073
710,Kentucky,Pulaski,650.6973926796236
1120,North Carolina,Henderson,3363.7078226333497
1475,Tennessee,Wayne,3267.224382808271
698,Kentucky,Morgan,7681.703253491528
1219,Ohio,Lawrence,3382.0444506833346
1458,Tennessee,Robertson,855.0812285050188
766,Louisiana,Pointe Coupee,-999.0176890285493
1339,Oklahoma,Woodward,1426.3670647733197
1243,Ohio,Preble,-337.7320882302056
1271,Oklahoma,Caddo,2190.4249974938657
1290,Oklahoma,Grant,1573.6900562679075
1399,Tennessee,Clay,3584.288608329428
1797,Virginia,Dinwiddie,662.9034469851058
1858,Virginia,Spotsylvania,4645.350703609552
260,Georgia,Dodge,5089.29514981683
659,Kentucky,Harrison,661.6352009379098
1222,Ohio,Lorain,1004.0348505918564
1483,Texas,Aransas,1853.971996643657
934,Mississippi,Smith,996.3126454172707
487,Illinois,Pope,298.89592543690287
631,Kentucky,Carroll,2061.943113178243
457,Illinois,Kane,1698.5089771620305
1589,Texas,Hood,979.9805966677322
1497,Texas,Bosque,-1140.537190944547
1321,Oklahoma,Pawnee,460.68289888527033
1203,Ohio,Geauga,1982.7406450925564
246,Georgia,Clay,3555.8655915475474
942,Mississippi,Union,1038.2679507506564
761,Louisiana,Morehouse,1260.4057420257259
7,Alabama,Calhoun,6297.8277219839665
876,Mississippi,Benton,2897.566560573694
1619,Texas,Lampasas,850.1950960547883
802,Michigan,Branch,146.52637434349344
1019,Missouri,Monroe,1047.804329485325
697,Kentucky,Montgomery,-752.096348494324
1881,New York,Albany,1340.5995020066075
481,Illinois,Moultrie,1466.0531406703885
500,Illinois,Tazewell,1374.9307658832086
414,Idaho,Teton,2459.2389116684762
1567,Texas,Gonzales,21243.268790642782
1718,Texas,Wharton,1035.4562792053393
602,Iowa,Warren,1511.8585712994181
1310,Oklahoma,McCurtain,269.72370096666054
782,Louisiana,Winn,1805.4708374999109
1323,Oklahoma,Pittsburg,-3513.986397089915
565,Iowa,Jones,997.384738939737
893,Mississippi,Hancock,1998.5348625122797
1654,Texas,Nolan,1105.069494983568
861,Michigan,Presque Isle,509.3664487419819
373,Georgia,Wilkinson,5910.73441943612
1012,Missouri,Maries,829.1600485026574
1235,Ohio,Muskingum,4095.879614780709
961,Missouri,Boone,-305.54609142062236
382,Idaho,Boise,6057.84140844547
482,Illinois,Ogle,1775.1100485329998
108,Arkansas,Hempstead,1031.8853216257949
1752,Utah,Sevier,282.1987952206937
1592,Texas,Howard,362.31762170301135
660,Kentucky,Hart,15148.524001438302
428,Illinois,Christian,852.7644466330994
748,Louisiana,East Feliciana,-780.7805343067348
1313,Oklahoma,Muskogee,1158.9980852417357
920,Mississippi,Newton,2372.1108599756108
1386,Tennessee,Anderson,1898.9491530917248
642,Kentucky,Elliott,58536.37732837556
1237,Ohio,Ottawa,4350.277223417031
